id,cliente_id,hotel_id,check_in,check_out,preco_por_noite,estado,num_dias
1,4,5,2025-10-22,2025-10-28,80.92,confirmada,6
2,9,3,2025-10-17,2025-10-21,109.96,confirmada,4
4,2,3,2025-10-11,2025-10-14,145.92,confirmada,3
12,7,2,2025-10-19,2025-10-22,105.07,confirmada,3
15,4,5,2025-10-10,2025-10-11,110.97,confirmada,1
16,5,3,2025-10-06,2025-10-07,76.53,confirmada,1
17,2,2,2025-10-06,2025-10-10,142.51,confirmada,4
19,8,1,2025-09-30,2025-10-04,60.2,confirmada,4
