cliente_id,nome_cliente,pais_cliente,email_cliente,total_gasto
2,Patrícia Pereira,França  ,patricia.pereira73@outlook.com,1007.8
4,                ,        ,                              ,596.49
5,Diogo Pereira   ,Espanha ,diogo.pereira10@yahoo.com     ,76.53
7,Inês Oliveira   ,França  ,ines.oliveira48@gmail.com     ,315.21
8,Diogo Rodrigues ,Portugal,diogo.rodrigues87@hotmail.com ,240.8
9,Rui Silva       ,França  ,rui.silva7@hotmail.com        ,439.84
